AGB_diff,NDVI_diff,LFMC_diff,VPD_diff,Sc_diff,Rd_diff
-0.08816301822662354,-0.001237368443980813,0.03669340908527374,-0.005668432451784611,-0.0037540195044130087,0.010317626409232616
-0.0029171763453632593,0.012775834649801254,-0.06416961550712585,-0.016950126737356186,-0.00732225039973855,0.05532269552350044
-0.05844259634613991,0.011066081002354622,-0.07113584131002426,-0.019041500985622406,-0.02068258263170719,0.060002513229846954
-0.03239825740456581,-0.00746952835470438,0.0410187765955925,-0.009761182591319084,0.013471911661326885,-0.006913959514349699
-0.009805350564420223,-0.023770982399582863,0.02313954196870327,-0.006584932096302509,0.034628067165613174,-0.0025617899373173714
-0.011453570798039436,0.05114728957414627,0.016641968861222267,-0.0070301503874361515,0.004313123412430286,-0.010489263571798801
-0.01350405439734459,-0.03726188838481903,0.003947713412344456,0.008633030578494072,-0.034439608454704285,-0.025747014209628105
-0.030099844560027122,-0.037926483899354935,0.022266389802098274,0.0044340211898088455,-0.02110704407095909,-0.012515220791101456
0.04610481858253479,0.0446421280503273,0.007801171857863665,-0.003599107265472412,-0.02692103199660778,0.0072541506960988045
0.031604036688804626,0.017717618495225906,0.011233063414692879,-0.014872664585709572,-0.008025052957236767,9.492992830928415e-05
0.03622584417462349,0.052522022277116776,0.03751508891582489,0.007336408365517855,0.007405807264149189,-0.02134232595562935
-0.02631659060716629,-0.01579877734184265,0.03912479430437088,0.010462477803230286,-0.002361669670790434,-0.03256085515022278
0.005774999503046274,0.04101560637354851,0.022199401631951332,-0.005948117468506098,-0.04163302853703499,-0.04526112601161003
-0.026620501652359962,-0.014509735628962517,0.015643596649169922,-0.023208755999803543,-0.06083935126662254,-0.019277634099125862
0.056329771876335144,-0.025336885824799538,-0.029829062521457672,-0.0017852064920589328,-0.019429080188274384,0.05106038227677345
0.03397880122065544,-0.0116659477353096,0.00465736910700798,-0.005472634453326464,0.010814204812049866,0.03366245701909065
0.04552678391337395,-0.006408656015992165,-0.04090100899338722,-0.009409726597368717,0.012067032046616077,0.03995879366993904
0.05382701754570007,-0.03957962617278099,-0.014766097068786621,-0.00800317246466875,-0.008862912654876709,0.06256897002458572
0.030883457511663437,-0.02645585685968399,-0.052414216101169586,-0.005669927690178156,-0.008859625086188316,0.04783822223544121
0.03415597230195999,-0.03293297067284584,-0.05255795642733574,-0.006410806439816952,0.019632374867796898,0.04780930280685425
0.04200432077050209,0.06219157949090004,0.038378842175006866,-0.010079381987452507,-0.02243010886013508,0.021603986620903015
-0.02048996277153492,0.009768419899046421,0.026186227798461914,-0.010433328337967396,-0.03433261811733246,-0.028449002653360367
0.05706676095724106,-0.02108406275510788,-0.026298288255929947,-0.008039101026952267,-0.0450543612241745,-0.030426718294620514
-0.014265598729252815,-0.01492758747190237,-0.038655128329992294,-0.010059474967420101,-0.008574048057198524,0.06052572652697563
0.04652802273631096,0.011049407534301281,-0.05575336888432503,-0.007012566551566124,-0.013353489339351654,0.06188759207725525
0.008926203474402428,0.060166116803884506,0.0008109778864309192,-0.015070062130689621,-0.02322118729352951,0.09374932199716568
0.0378434844315052,0.006921061780303717,0.0238039568066597,-0.009322131983935833,-0.03762485831975937,0.07983821630477905
-0.009510030969977379,-0.02157125435769558,-0.00013861519983038306,-0.009719912894070148,-0.05280180647969246,-0.020963234826922417
0.017919795587658882,-0.005000905133783817,0.01964471861720085,-0.015890972688794136,-0.04526987299323082,-0.008927777409553528
-0.03711097687482834,0.02694964036345482,0.010009322315454483,-0.013439006172120571,0.02070869319140911,-0.02880772575736046
0.07111566513776779,-0.02277502790093422,0.03297165036201477,0.00034215525374747813,-0.03593815118074417,-0.02660307288169861
0.06128793582320213,0.022719955071806908,0.015478012152016163,-0.006042727269232273,0.0027575327549129725,-0.010799030773341656
-0.008626707829535007,-0.04428635910153389,0.01349329948425293,-0.022661684080958366,-0.006069791037589312,-0.02877899445593357
-0.009199514985084534,-0.015571752563118935,-0.021942460909485817,-0.015575227327644825,-0.02227470465004444,0.0016214585630223155
0.03859059140086174,0.008860231377184391,-0.0015469084028154612,0.10685789585113525,-0.013197050429880619,0.04583801329135895
0.03928324952721596,0.03634965792298317,0.03987377509474754,0.002690784400328994,0.02423286624252796,0.04079863801598549
0.019707564264535904,0.04167754203081131,-0.000892362673766911,0.007122765760868788,-0.025856133550405502,0.0221627876162529
-0.01808362826704979,-0.03353845700621605,0.038291990756988525,-0.016322214156389236,-0.039790138602256775,0.07367084175348282
-0.020951250568032265,-0.04539649933576584,-0.030724693089723587,-0.021951718255877495,-0.046223558485507965,-0.01623373292386532
-0.010756910778582096,-0.03971020132303238,-0.0010171857429668307,0.00011415986227802932,-0.03419146686792374,-0.03229731321334839
-0.00653738621622324,0.04467042163014412,0.01113776583224535,0.01296012382954359,-0.027808817103505135,-0.022393111139535904
-0.022006342187523842,0.06630770862102509,0.009268209338188171,0.014746849425137043,-0.048393428325653076,-0.041193120181560516
-0.01688297465443611,-0.03170732408761978,-0.040217768400907516,-0.016023902222514153,-0.004236356355249882,-0.055770035833120346
-0.013739731162786484,-0.03353308513760567,-0.04263298586010933,-0.009521480649709702,-0.009036634117364883,-0.0395953431725502
-0.030484722927212715,0.026284750550985336,-0.0013442146591842175,-0.010772998444736004,0.008375569246709347,-0.047055456787347794
0.024222269654273987,-0.02825765870511532,-0.019850553944706917,-0.014770460315048695,0.018588624894618988,-0.03829755261540413
-0.046275511384010315,-0.015339866280555725,0.018413078039884567,-0.013767889700829983,0.00397912785410881,-0.009969394654035568
-0.07549931854009628,-0.04346539452672005,0.03699208423495293,-0.01502071600407362,0.03059425950050354,0.001381141715683043
0.006838276516646147,-0.032755374908447266,0.021711165085434914,0.01088783796876669,0.013229002244770527,0.004058554768562317
-0.07393835484981537,-0.010409735143184662,0.008402824401855469,-0.0033066344913095236,-0.03467435762286186,-0.004463677294552326
0.0007934593013487756,0.06574484705924988,0.028200168162584305,-0.00015323999105021358,-0.019157538190484047,-0.008201629854738712
-0.017659557983279228,0.007556665223091841,0.014941862784326077,-0.006208246108144522,0.010367927141487598,-0.04602091759443283
0.05397767573595047,0.04351034760475159,0.00617963308468461,-0.014284785836935043,-0.037339501082897186,-0.047334689646959305
0.03287190943956375,-0.048830803483724594,0.019538430497050285,-0.013703479431569576,-0.020754367113113403,-0.03138059750199318
0.03381152078509331,0.031674303114414215,0.007015679031610489,-0.012751579284667969,0.009829836897552013,-0.019665250554680824
-0.008450441062450409,-0.018911221995949745,0.021303249523043633,-0.02330481819808483,0.010992065072059631,-0.03723214939236641
0.0533672533929348,-0.02422189898788929,0.027628134936094284,-0.010952196083962917,0.03213303163647652,-0.04293239489197731
0.03128589317202568,-0.03554121404886246,-0.0012986287474632263,-0.07686452567577362,0.002515867119655013,-0.02289040945470333
-0.019493786618113518,-0.00379458861425519,0.005511866416782141,-0.09602193534374237,-0.0010439595207571983,-0.043428707867860794
-0.022246725857257843,-0.006517780479043722,-0.05125349014997482,-0.029095709323883057,-0.030286042019724846,-0.016648609191179276
-0.006758478004485369,0.011302990838885307,0.028474189341068268,-0.01299606915563345,-0.03946451097726822,-0.011469135992228985
-0.029725706204771996,-0.02744472399353981,-0.05987769737839699,-0.016310924664139748,-0.0035433564335107803,-0.0061469171196222305
0.03133790194988251,0.04357483610510826,-0.05055594444274902,-0.017684761434793472,-0.010527318343520164,-0.0035735236015170813
0.041627876460552216,-0.026531023904681206,0.022889627143740654,-0.07029946893453598,-0.006225472781807184,-0.007901529781520367
-0.03822503238916397,0.006197694223374128,0.010852559469640255,-0.08962374180555344,-0.012225514277815819,-0.010115538723766804
-0.02875836193561554,0.03276783600449562,0.04187804087996483,-0.07688156515359879,0.009617393836379051,-0.012618400156497955
0.037444956600666046,0.06149796023964882,0.0008743686485104263,-0.06365549564361572,0.0036812471225857735,-0.011175812222063541
-0.014817898161709309,-0.05279651656746864,0.04260803759098053,-0.07279930263757706,0.004359623417258263,-0.007997340522706509
-0.029769815504550934,0.020070556551218033,-0.053678106516599655,-0.028470536693930626,-0.03033987618982792,0.012288832105696201
-0.019360246136784554,-0.006384564563632011,-0.05630511790513992,-0.016583343967795372,-0.007999538443982601,-0.006223534699529409
-0.006103902123868465,-0.04993464797735214,0.014854957349598408,0.01732419803738594,0.03929881379008293,-0.004912391304969788
-0.02267533354461193,-0.02280452474951744,-0.061893071979284286,0.008498483337461948,0.03810400143265724,0.0019047476816922426
-0.031238704919815063,0.008453872054815292,0.02665030024945736,0.021195022389292717,0.038364630192518234,-0.004589830059558153
-0.03171254321932793,-0.008686489425599575,-0.038798168301582336,0.018712421879172325,-0.006184334866702557,-0.01172656286507845
0.018049657344818115,0.02668539620935917,-0.014326144009828568,-0.02251872792840004,-0.020605968311429024,-0.01663396507501602
-0.0005608806386590004,0.00035055106854997575,-0.001101805130019784,-0.024627378210425377,-0.01641218177974224,-0.0057783229276537895
0.03524337708950043,-0.017975328490138054,0.05299549549818039,0.018208330497145653,-0.001140740467235446,0.05164620652794838
-0.01055898331105709,-0.04669666662812233,-0.050417233258485794,0.00964090134948492,0.0024640511255711317,0.00467883562669158
0.05561590939760208,-0.011436168104410172,0.026420872658491135,0.05441110208630562,-0.013203111477196217,0.021349456161260605
-0.012108811177313328,-0.014919845387339592,-0.06857914477586746,-0.02480083890259266,-0.01078106090426445,-0.005356068257242441
-0.00835734885185957,-0.00965246930718422,-0.05521174892783165,0.010831151157617569,-0.016815869137644768,-0.01343147549778223
-0.0020521788392215967,-0.024789299815893173,-0.04242711886763573,0.004752089269459248,-0.008972670882940292,0.0038249760400503874
-0.01314742024987936,0.011182304471731186,-0.03574948385357857,0.036203306168317795,-0.0036589179653674364,-0.008321216329932213
-0.0042840843088924885,0.033784933388233185,-0.05958520993590355,0.0013448973186314106,-0.01447316911071539,0.00590426754206419
-0.029014019295573235,-0.0536373071372509,-0.04877370968461037,0.040993817150592804,-0.01153276301920414,-0.02290833741426468
-0.03649626672267914,0.0032168750185519457,-0.06455802172422409,-0.015892203897237778,0.007805528584867716,-0.0022359690628945827
-0.018114177510142326,-0.04535868018865585,-0.023520750924944878,0.0968291312456131,0.01782381348311901,-0.027252379804849625
0.05149853974580765,-0.024986349046230316,-0.04079563543200493,0.0660194382071495,0.002507941797375679,-0.034528978168964386
0.048935212194919586,-0.021917596459388733,-0.04828319698572159,0.1075790524482727,-0.007919318042695522,-0.007534243632107973
-0.01603648252785206,-0.01792753115296364,-0.009405531920492649,0.0076172612607479095,0.000303769251331687,0.04797336459159851
-0.03184332326054573,-0.016485190019011497,-0.07267560064792633,0.006398417521268129,-0.01985987462103367,-0.03435838967561722
0.05143992230296135,0.01644812896847725,0.03903372213244438,0.054471954703330994,-0.009935799986124039,-0.012763756327331066
-0.004777044523507357,-0.02960836887359619,0.016729846596717834,-0.031172681599855423,0.002197297289967537,0.04411843419075012
0.009654277935624123,0.03748760372400284,0.02181204780936241,-0.12609271705150604,-0.01112677063792944,0.011847286485135555
0.05475805327296257,-0.032387979328632355,-0.008637704886496067,-0.08200664818286896,-0.009560873731970787,0.032174527645111084
0.0073449136689305305,0.0701381042599678,0.0461527481675148,-0.08795465528964996,0.026261406019330025,0.003784870496019721
-0.004847986623644829,-0.043929167091846466,0.03962741792201996,-0.09952975064516068,-0.002465775702148676,-0.03700529783964157
-0.011799057945609093,-0.03548363223671913,0.013084675185382366,-0.06577878445386887,-0.0021923696622252464,-0.019155729562044144
-0.026982944458723068,-0.00518912635743618,3.5101393223158084e-06,-0.07252028584480286,-0.024180732667446136,-0.01772543415427208
-0.00107925187330693,-0.0016883705975487828,-0.0033211286645382643,-0.11963359266519547,-0.04745729640126228,-0.03721668943762779
0.04929724708199501,-0.03976847976446152,0.01809917762875557,-0.058454181998968124,0.0070435116067528725,0.06353987008333206
0.03420354425907135,0.005546887870877981,0.006687029730528593,-0.0682491883635521,0.00330768758431077,0.025104960426688194
-0.01343614049255848,0.016714151948690414,0.010760542005300522,-0.07848891615867615,3.2849264243850484e-05,0.009759461507201195
-0.009311153553426266,-0.025851711630821228,0.00636149849742651,-0.08539717644453049,0.01922653801739216,0.04596969112753868
-0.022192509844899178,-0.03559572622179985,-0.005179074127227068,-0.05253037437796593,-0.018598852679133415,0.005487110465764999
-0.015413742512464523,0.05088641121983528,0.011462445370852947,-0.0894734188914299,-0.05349583923816681,-0.007499938365072012
0.04164542630314827,-0.03479965776205063,0.010548077523708344,-0.02304564230144024,0.019686343148350716,-0.024616926908493042
0.03703673183917999,0.01014616433531046,0.007517509162425995,-0.021690085530281067,0.021390581503510475,0.003809838555753231
0.06467781215906143,-0.028259120881557465,0.01704173907637596,-0.020860014483332634,0.01241728663444519,-0.003114252584055066
-0.013761574402451515,-0.020801391452550888,-0.023014990612864494,-0.028198182582855225,-0.004377172328531742,-0.00866730883717537
0.0003690197772812098,0.002597699873149395,-0.0012738651130348444,-0.02589508518576622,-0.02589658461511135,-0.004858106374740601
-0.10173498094081879,-0.03598732873797417,0.01878645084798336,-0.009048671461641788,0.01355123333632946,-0.01946152001619339
0.055321790277957916,0.009881722740828991,0.02775540016591549,-0.004901756066828966,-0.0361289344727993,-0.03848857805132866
0.03183865547180176,0.0354284904897213,0.02810800075531006,-0.006890750955790281,0.03073916770517826,-0.027865782380104065
-0.017785167321562767,-0.012438585981726646,0.01090848445892334,-0.011879478581249714,-0.01217716932296753,-0.028664641082286835
0.04746737703680992,0.03932524845004082,0.005129254888743162,-0.006251733750104904,-0.026818111538887024,-0.021353205665946007
0.01467907428741455,0.03138400614261627,-0.02665690891444683,-0.06307662278413773,-0.05982139706611633,0.01309780590236187
-0.004787789192050695,0.014031139202415943,0.021544529125094414,-0.014214443042874336,0.021955367177724838,0.024886300787329674
-0.018492279574275017,-0.017443129792809486,0.016862140968441963,-0.05158606544137001,-0.003826748812571168,-0.002713683759793639
0.04459679126739502,0.0045175133273005486,0.006266292650252581,-0.09106229245662689,-0.045558229088783264,0.013879992067813873
-0.006048534065485001,0.045246753841638565,-0.00811796635389328,-0.06341522186994553,-0.0017110927728936076,-0.005185653455555439
-0.037895284593105316,-0.012515824288129807,0.013436716981232166,-0.09156082570552826,0.033003270626068115,0.003081253729760647
-0.03432157635688782,-0.002536297542974353,0.007726604118943214,-0.02843238227069378,-0.00643959129229188,-0.012506737373769283
-0.056784238666296005,-0.0014025295386090875,-0.05571529269218445,-0.02150847390294075,0.003915838431566954,-0.04099447652697563
-0.03981292247772217,0.005021825432777405,-0.06947813183069229,-0.023179328069090843,-0.00232312292791903,-0.013718592002987862
-0.05856689438223839,0.00915474072098732,-0.029449211433529854,-0.024135012179613113,-0.009573333896696568,0.014555190689861774
-0.018022799864411354,-0.03666306287050247,0.03367937356233597,-0.01379143726080656,-0.01615237072110176,0.06409991532564163
0.06314421445131302,0.0555691123008728,0.010734014213085175,0.015630265697836876,-0.002328092698007822,0.040090493857860565
0.07401309907436371,0.04801025614142418,0.04918081685900688,-0.003519919468089938,0.006743965204805136,0.08373972028493881
-0.0033522264566272497,0.03986114636063576,0.021312812343239784,-0.013871094211935997,-0.011168674565851688,0.11191476136445999
0.028212742879986763,0.03281083703041077,0.03611686825752258,0.0034864593762904406,-0.0026034615002572536,0.054287202656269073
-0.015849748626351357,0.033867835998535156,0.0438758060336113,-0.016043027862906456,0.0055421800352633,-0.01319878175854683
0.02424967847764492,-0.008268243633210659,-0.043870195746421814,-0.01319811213761568,0.021382000297307968,-0.011894184164702892
0.06059245765209198,0.007806437090039253,0.013983083888888359,0.005153156351298094,0.018168561160564423,0.07234834134578705
0.06998516619205475,0.00618172250688076,0.007325872778892517,-0.005520118400454521,0.05072110891342163,0.05406830832362175
-0.024327995255589485,0.03273078426718712,0.025206441059708595,-0.09569964557886124,-0.0005667892401106656,0.07786809653043747
0.07573971897363663,-0.008432666771113873,0.04022073373198509,-0.0908823236823082,0.004933719057589769,0.049915097653865814
0.045926161110401154,-0.015090224333107471,0.010566256009042263,-0.004169686697423458,0.00045831347233615816,-0.009017727337777615
0.0120476009324193,-0.012859201058745384,0.05185747146606445,-0.021766401827335358,-0.012190661393105984,0.07257914543151855
0.00908379815518856,0.04087696224451065,-0.014321203343570232,-0.08223733305931091,0.01559208519756794,0.1022634357213974
0.060611411929130554,-0.004633055999875069,0.01979619823396206,-0.062323782593011856,-0.005236712284386158,0.0666976049542427
0.07487344741821289,0.001657680724747479,0.04214144125580788,-0.09523794054985046,0.013381853699684143,0.04454345628619194
0.05298624560236931,0.062053292989730835,0.03471408039331436,-0.09674064815044403,0.010525073856115341,0.006367795169353485
0.0035756381694227457,-0.039408087730407715,0.011335241608321667,0.01701192744076252,-0.004747262690216303,0.11199602484703064
-0.007734533399343491,-0.0049369120970368385,0.005933684296905994,0.019545624032616615,-0.014876371249556541,0.08364860713481903
-0.005845172796398401,-0.035313066095113754,0.002281342865899205,-0.08111071586608887,0.0019736618269234896,0.11688956618309021
-0.027763109654188156,0.029331648722290993,0.0404241569340229,-0.06592167913913727,0.010607004165649414,0.10187769681215286
0.03035568632185459,0.043123215436935425,0.0070024882443249226,0.00645398860797286,0.02908571995794773,0.0913117527961731
0.050318166613578796,0.03652114048600197,-0.005414365325123072,0.005906080827116966,-0.021239930763840675,0.04425635188817978
0.03801310434937477,-0.03294990956783295,0.02163938619196415,-0.013291611336171627,0.00417541665956378,-0.00552644208073616
0.05782346799969673,0.055543623864650726,0.013510738499462605,0.000645677384454757,-0.017845524474978447,-0.014238019473850727
0.04045305773615837,-0.025372406467795372,0.025997867807745934,-0.010774767957627773,-0.02404790185391903,-0.007164079695940018
-0.06446199864149094,-0.005707109812647104,-0.003986460156738758,-0.008419837802648544,0.010885946452617645,0.06501483917236328
-0.10752280801534653,-0.009516310878098011,-0.007701509166508913,0.02449840120971203,-0.009211783297359943,0.0624040886759758
-0.02384486235678196,-0.028042620047926903,-0.03963037207722664,-0.006714791990816593,-0.04548784717917442,-0.0037705558352172375
-0.013331839814782143,-0.01848527230322361,-0.024358142167329788,-0.002325222361832857,-0.001514662872068584,-0.03907100483775139
-0.035346876829862595,0.004827133379876614,-0.011255957186222076,0.00040072525735013187,-0.005673842504620552,-0.009191316552460194
-0.010513673536479473,-0.014068224467337132,-0.030851131305098534,-0.00017218013817910105,0.040779538452625275,-0.02787298522889614
-0.004252905026078224,-0.010049466043710709,-0.03007439337670803,-0.012290372513234615,0.02798142470419407,0.037816230207681656
-0.02382817491889,-0.01397112850099802,-0.04685557633638382,0.02125142328441143,-0.035788074135780334,0.012674783356487751
-0.029249925166368484,-0.019763903692364693,-0.06276217848062515,-0.002777575282379985,0.010580122470855713,-0.040212713181972504
-0.011495503596961498,-0.01423006970435381,-0.025479840114712715,-0.017226692289114,-0.040160294622182846,-0.048390135169029236
-0.03394680842757225,-0.01559506356716156,-0.04486864432692528,0.003568115644156933,-0.018187804147601128,-0.03270238637924194
-0.016629235818982124,-0.0071907914243638515,-0.028353573754429817,-0.0030375653877854347,-0.01764172874391079,-0.03187723457813263
0.003722471883520484,-0.0022750829812139273,-0.00933097768574953,0.009129571728408337,-0.04193383455276489,-0.010894425213336945
-0.06633801758289337,-0.024092860519886017,-0.019767779856920242,0.004829498007893562,-0.022244205698370934,-0.018846040591597557
-0.08187557011842728,-0.0031981163192540407,-0.03275149315595627,0.015540842898190022,-0.005768197122961283,-0.04986777901649475
-0.003349629696458578,0.0024880883283913136,-0.07147076725959778,0.002888002898544073,0.009651953354477882,0.022445645183324814
0.0017001183005049825,-0.0006533031701110303,0.011304894462227821,-0.01425402145832777,-0.005789085756987333,-0.007556519471108913
-0.005885015241801739,-0.015110940672457218,0.00212036888115108,-0.01697647199034691,0.016419317573308945,-0.0023836232721805573
0.01001388393342495,0.024482347071170807,-0.029456868767738342,-0.007536701858043671,0.017563991248607635,0.007799421437084675
-0.00038467938429675996,0.006906112655997276,-0.043579671531915665,-0.0020890822634100914,0.04013476520776749,-0.015355286188423634
-0.019286656752228737,0.033595405519008636,0.010899553075432777,-0.024602506309747696,-0.0018795793876051903,-0.023126449435949326
0.04136855900287628,-0.011519256047904491,0.004049153532832861,-0.025318995118141174,0.026197869330644608,-0.010345536284148693
-0.009143749251961708,0.08420172333717346,0.011639972217381,-0.013323301449418068,-0.0010703286388888955,-0.006879786029458046
0.0008037619991227984,-0.00955177005380392,-0.033201541751623154,-0.01476956345140934,0.019046183675527573,-0.00109808798879385
-0.018447155132889748,-0.018634382635354996,-0.055357594043016434,0.004156807437539101,0.015317835845053196,-0.04487098380923271
-0.04478384926915169,-6.726428546244279e-05,-0.0699198916554451,-0.010803603567183018,0.008210510015487671,0.05042840912938118
-0.02946295589208603,-0.023693785071372986,-0.05796068161725998,0.008877139538526535,-0.02839263714849949,0.03267430141568184
0.0197084192186594,-0.029035188257694244,0.010980046354234219,-0.02510058879852295,0.0181093942373991,0.035348668694496155
0.0457894429564476,-0.018378259614109993,-0.03277008607983589,-0.023913802579045296,0.023336663842201233,-0.033397525548934937
0.00829881802201271,-0.005737865809351206,-0.014169433154165745,0.019511306658387184,0.031842418015003204,0.05651741102337837
0.032056547701358795,-0.027776598930358887,0.02882867306470871,-0.01027283538132906,0.017416397109627724,0.06027263402938843
0.014000281691551208,-0.015934882685542107,-0.05906588211655617,0.00021834114158991724,-0.005327938590198755,-0.05310594663023949
-0.004422176629304886,0.010324476286768913,-0.05946247652173042,-0.006501650903373957,0.03493192791938782,0.07183563709259033
0.0044654603116214275,0.008482585661113262,-0.062062159180641174,0.01759035885334015,-0.010740024037659168,0.044581517577171326
0.05039314553141594,-0.019681228324770927,-0.05696365237236023,-0.010150367394089699,-0.014954116195440292,0.051992267370224
-0.009853310883045197,0.007106159348040819,-0.06036894768476486,0.0032595479860901833,-0.022700393572449684,-0.04247899353504181
0.0055345045402646065,0.0050011263228952885,-0.05869961157441139,0.0027923444285988808,-0.02910812757909298,-0.033855993300676346
-0.010097719728946686,0.007223009131848812,-0.06994704902172089,0.005826741456985474,-0.032136935740709305,0.006629603914916515
-0.00658864201977849,0.019477179273962975,0.024038441479206085,-0.010804949328303337,0.010726425796747208,0.022014984861016273
-0.008420531637966633,0.009581022895872593,-0.012386328540742397,0.00225976575165987,-0.020741872489452362,0.007675988133996725
0.008685406297445297,0.00781830120831728,-0.052086107432842255,0.0061982679180800915,0.02991805598139763,0.021641964092850685
-0.007945934310555458,-0.010997808538377285,-0.03377213329076767,-0.020543551072478294,0.030531173571944237,0.04508029669523239
-0.021401019766926765,-0.0042018042877316475,-0.01044028252363205,0.01149427704513073,-0.01811496913433075,0.040856145322322845
-0.06831482797861099,-0.007150404155254364,-0.02731293998658657,-0.06927554309368134,0.0348532609641552,0.06347452849149704
-0.07499122619628906,-0.011199110187590122,0.005824090912938118,-0.09435820579528809,0.03882771357893944,0.08381470292806625
-0.009768502786755562,0.03215835615992546,0.006305850110948086,-0.004161202348768711,-0.0303917545825243,0.076206736266613
0.05093144625425339,0.03539887070655823,0.028096303343772888,0.006688786204904318,-0.026571044698357582,0.05886804684996605
0.003868850413709879,-0.03584733605384827,0.021483158692717552,-0.052632659673690796,-0.010809251107275486,0.07213741540908813
-0.005328676197677851,-0.008249928243458271,0.02237342856824398,0.010086786933243275,-0.004959849640727043,-0.04509313032031059
-0.007704856805503368,-0.017001431435346603,-0.0059393648989498615,-0.004065273329615593,-0.035897672176361084,-0.04235762357711792
0.01032186672091484,0.013526602648198605,0.01916157640516758,-0.00909376423805952,0.018549825996160507,0.03267720714211464
-0.01668640784919262,-0.009983913972973824,-0.0008579332497902215,-0.009930931031703949,-0.01881689578294754,0.026528622955083847
-0.02850368618965149,-0.007460312452167273,0.021575823426246643,0.015985753387212753,-0.004720001015812159,-0.029398510232567787
-0.01185175683349371,-0.019949419423937798,0.028320932760834694,0.031493473798036575,0.01839982531964779,-0.023829545825719833
-0.0027526270132511854,0.005018401425331831,-0.01659131795167923,0.032679393887519836,-0.009373088367283344,-0.009007212705910206
0.04103640094399452,-0.04715719819068909,0.010698758065700531,0.024611875414848328,-0.014565161429345608,-0.023507164791226387
-0.07640621066093445,0.05660078674554825,0.03672259300947189,0.028849808499217033,-0.01417778991162777,-0.0502808652818203
0.04131177067756653,0.07958246022462845,0.031174451112747192,0.032280657440423965,0.044109977781772614,-0.034980323165655136
0.04747771844267845,0.07769807428121567,-0.009753752499818802,0.02986232191324234,0.05640158802270889,-0.010624461807310581
0.02490600012242794,0.04403934255242348,-0.007536128628998995,0.04355861246585846,0.04585254564881325,-0.011380697600543499
0.023059695959091187,0.014518274925649166,-0.011244752444326878,0.048691995441913605,0.046022385358810425,-0.012521208263933659
0.0664994940161705,0.015358651988208294,0.004543803166598082,0.03691020607948303,0.03706638514995575,-0.0076026925817132
0.05387738347053528,0.0066222683526575565,-0.005942634306848049,0.042839642614126205,-0.0036410994362086058,0.0024719906505197287
-0.02674941159784794,-0.04916932433843613,-0.001698551932349801,0.037640076130628586,-0.02047513984143734,0.0008466284489259124
-0.036743853241205215,0.04644913598895073,0.03204891085624695,0.035523515194654465,-0.022100253030657768,-0.022493507713079453
0.05838829651474953,-0.035683080554008484,-0.0027719337958842516,0.03695107251405716,-0.008276259526610374,-0.01796633191406727
0.05116506665945053,-0.035261135548353195,0.006776784546673298,0.04602581635117531,-0.006490966770797968,-0.024545885622501373
-0.011655854061245918,-0.046462539583444595,0.024364270269870758,0.06515375524759293,0.01841902546584606,-0.011530148796737194
0.009436213411390781,0.049384213984012604,0.008775581605732441,0.037022560834884644,0.0077539184130728245,0.0014618703862652183
-0.03786199912428856,-0.007866352796554565,0.022357862442731857,0.02044108882546425,-0.028142543509602547,-0.012011131271719933
0.05494934320449829,0.02207595854997635,-0.05240149423480034,0.06266091763973236,0.049311548471450806,0.010931957513093948
-0.03460948169231415,-0.0003085111966356635,0.007129600737243891,0.05560093745589256,0.03522174432873726,-0.016288861632347107
-0.02545928955078125,-0.0019027472008019686,0.03009805455803871,0.04226379096508026,0.04844832420349121,-0.008413021452724934
-0.10661233961582184,0.05339810252189636,0.026836534962058067,0.03586519509553909,0.02173074334859848,-0.012698955833911896
-0.011587942019104958,0.06671857833862305,0.025731578469276428,0.02670328877866268,0.04386580362915993,0.0008663218468427658
-0.010903426446020603,0.024676429107785225,0.016037989407777786,0.033671487122774124,0.04740041494369507,-0.009473828598856926
-0.00857366994023323,-0.013532635755836964,-0.035113293677568436,0.09548617154359818,0.021048031747341156,-0.01990584470331669
0.05323374643921852,-0.007976667955517769,0.014803091064095497,0.14769510924816132,0.02263016439974308,0.05518866330385208
-0.016985328868031502,-0.021774321794509888,-0.020454395562410355,0.12285646796226501,0.02201901189982891,0.01892893761396408
-0.017860259860754013,0.007360594812780619,0.011934338137507439,0.1339583545923233,0.04059762880206108,-0.021102871745824814
-0.0025782762095332146,0.052810776978731155,0.03035532683134079,0.09478920698165894,0.02672651596367359,-0.03519168868660927
0.013593227602541447,0.040889009833335876,0.03364064171910286,0.11502446234226227,-0.0024158188607543707,-0.004314866382628679
-0.020204218104481697,0.06812986731529236,0.024431562051177025,0.1177603080868721,0.05630355328321457,-0.02528146654367447
0.05816362798213959,0.0849100723862648,0.02227107807993889,0.07292381674051285,-0.02319028414785862,-0.00035995131474919617
0.04227510094642639,-0.034272488206624985,0.03143906965851784,0.15654678642749786,0.01639414206147194,0.015010654926300049
0.052842240780591965,0.04257807508111,0.013261389918625355,0.14134560525417328,0.03316905349493027,0.008609812706708908
-0.031866930425167084,-0.006738639902323484,-0.012392661534249783,0.09606955200433731,-0.03211299329996109,-0.01387642603367567
0.01038898155093193,0.030650442466139793,-0.009412218816578388,0.111365407705307,0.01937953755259514,-0.020966602489352226
0.0004843826172873378,0.017518408596515656,-0.00826591718941927,0.051127176731824875,0.007155394181609154,-0.0072546182200312614
-0.01517364103347063,0.06033530458807945,0.035928353667259216,0.0984068512916565,-0.011545661836862564,-0.006507248617708683
-0.06740614026784897,-0.013262924738228321,-0.00016096292529255152,0.06984033435583115,-0.003143539186567068,-0.01889090985059738
-0.024374548345804214,-0.018334362655878067,-0.0039016008377075195,0.13281741738319397,-0.04447704926133156,-0.03199535608291626
-0.02566923014819622,-0.0030146739445626736,-0.03602372109889984,0.09477408975362778,-0.027244435623288155,-0.01878812350332737
0.02823707088828087,-0.02872954122722149,0.0362156480550766,0.14307594299316406,0.017630768939852715,0.023814653977751732
0.048129938542842865,-0.030190229415893555,0.031194226816296577,0.14252234995365143,-0.007419383153319359,-0.0008734979201108217
-0.01375679299235344,-0.005878136958926916,0.03277355432510376,0.1608051210641861,0.02041199617087841,-0.011659955605864525
0.06787655502557755,-0.0102432481944561,0.03697263449430466,0.1525215357542038,-0.0023798374459147453,0.0020615195389837027
-0.011313218623399734,-0.018794242292642593,0.02323511242866516,0.1437058299779892,-0.010583319701254368,-0.014751294627785683
0.043368883430957794,-0.01826663315296173,0.02161547541618347,0.13362397253513336,-0.04477202892303467,-0.011348907835781574
-0.01634257845580578,-0.026545552536845207,-0.03458520770072937,0.13460923731327057,0.044980116188526154,-0.012154869735240936
0.01215431559830904,0.010812435299158096,-0.05691660940647125,0.11469113081693649,0.008030373603105545,-0.020501721650362015
-0.0780656561255455,-0.05450895056128502,-0.04561743140220642,0.1086423397064209,0.005243584513664246,-0.0011251510586589575
0.01075169537216425,-0.027737101539969444,-0.06351108103990555,0.11343037337064743,0.010561715811491013,0.0007454136502929032
-0.006409011781215668,-0.04016552120447159,-0.056513551622629166,0.1106601133942604,0.056977372616529465,-0.016717853024601936
-0.010260017588734627,0.04785740375518799,0.02800414152443409,0.14079070091247559,0.01006224937736988,-0.022603970021009445
0.05973050743341446,0.0341821126639843,0.025724085047841072,0.1271311491727829,0.0203908272087574,-0.027922146022319794
-0.011843687854707241,-0.01673564687371254,0.024220233783125877,0.10062237083911896,0.045642558485269547,0.008946901187300682
-0.012842455878853798,-0.02839714102447033,0.03599529713392258,0.060744598507881165,0.02331436611711979,0.0068764230236411095
-0.01822149194777012,-0.0031897074077278376,0.039516009390354156,0.09487409144639969,0.008496568538248539,-0.0003999978944193572
-0.017803817987442017,0.030444633215665817,0.03312671184539795,0.04053765907883644,0.01424699742347002,-0.00249910238198936
-0.022836418822407722,0.010693022049963474,0.006218197755515575,0.01463793683797121,-0.0011265509529039264,-0.0009314737399108708
-0.0001880741911008954,-0.03060159459710121,0.02506505325436592,0.03407902270555496,0.038256123661994934,-0.0057648466899991035
-0.012827304191887379,-0.012926190160214901,0.007013502065092325,0.039677612483501434,-0.026153428480029106,-0.018331732600927353
-0.0342460572719574,0.011833587661385536,0.01596851460635662,0.0019955348689109087,0.025470947846770287,-0.013843314722180367
-0.071773461997509,-0.001046571065671742,0.041920050978660583,0.02604978159070015,0.025651758536696434,-0.008299755863845348
-0.01284031942486763,-0.030044803395867348,0.007544195745140314,-0.0221151914447546,0.015736529603600502,-0.014503978192806244
0.006332563702017069,0.006314088124781847,-0.003938629291951656,0.00462610786780715,-0.010567626915872097,-0.01601489819586277
0.011498651467263699,0.00021049885253887624,0.011767659336328506,0.020623311400413513,-0.011609289795160294,-0.010241885669529438
-0.013922764919698238,-0.0310332253575325,0.014656786806881428,0.04461464658379555,0.003513392759487033,-0.01876656897366047
0.0039634741842746735,0.00446895370259881,0.03966326639056206,0.031011532992124557,0.008349314332008362,-0.017819955945014954
0.0635167732834816,-0.03363591060042381,-0.00936107151210308,0.025185691192746162,0.0300552137196064,-0.01890304498374462
-0.030839834362268448,-0.003664877964183688,0.014080709777772427,0.017304230481386185,-0.028603507205843925,-0.005459984298795462
0.023773930966854095,0.011546563357114792,0.011415340937674046,0.00909344106912613,0.02478363737463951,-0.03227843716740608
0.010397524572908878,-0.03700534626841545,-0.04329001158475876,-0.012631973251700401,-0.020683275535702705,0.04296215623617172
-0.004193692468106747,0.052128951996564865,0.03430436924099922,0.01167912594974041,-0.016591576859354973,0.036380644887685776
0.007920471020042896,-0.02845020592212677,0.051955752074718475,0.027832932770252228,-0.005638906732201576,-0.019331470131874084
0.020566817373037338,0.0002002627297770232,0.012954945676028728,0.011332710273563862,0.02962500788271427,-0.04442489892244339
-0.020893704146146774,-0.0553336963057518,0.014015327207744122,-0.014805327169597149,0.009927570819854736,-0.02601931244134903
-0.012758041732013226,-0.03294765576720238,0.021239669993519783,-0.02015107311308384,0.006558622699230909,-0.04967636615037918
-0.046044282615184784,-0.030063660815358162,-0.0028277309611439705,-0.017160432413220406,0.029374858364462852,-0.039182230830192566
-0.006623247638344765,-0.010041214525699615,0.026128267869353294,-0.00950469821691513,0.009516632184386253,-0.03851291909813881
-0.018953165039420128,-0.03073359653353691,0.025343699380755424,-0.009055926464498043,0.007204502820968628,-0.03853734955191612
-0.016723593696951866,-0.016152599826455116,0.014321068301796913,-0.007756739854812622,0.01093678455799818,-0.04673668369650841
-0.037078630179166794,-0.04538313299417496,-0.044186659157276154,-0.02923000417649746,-0.013526558876037598,-0.014931323938071728
-0.021098466590046883,-0.001956515247002244,-0.030083028599619865,-0.026180807501077652,-0.018003588542342186,-0.02648196555674076
-0.003324588993564248,-0.019495660439133644,-0.06788863986730576,-0.02211015112698078,-0.023823050782084465,-0.031023096293210983
-0.032487187534570694,-0.014804737642407417,-0.04832722246646881,-0.01890508458018303,0.045757781714200974,-0.02745232917368412
-0.005935698747634888,-0.04446981102228165,-0.03193039819598198,-0.017110101878643036,0.041023075580596924,-0.03111632540822029
-0.03917183354496956,-0.0292337816208601,0.02779959887266159,-0.01667618192732334,-0.02549174055457115,-0.009889783337712288
0.05505331978201866,0.03768634423613548,-0.0527741014957428,-0.10457350313663483,-0.016546141356229782,0.018701259046792984
0.02838868834078312,0.0691668689250946,-0.0472610667347908,-0.08293991535902023,-0.0360049307346344,0.053742535412311554
0.0032979524694383144,0.01046839915215969,-0.06190492585301399,-0.09530290216207504,-0.03211072459816933,-0.022293005138635635
0.022695742547512054,0.06492920964956284,0.013743272051215172,-0.09325908124446869,0.06670105457305908,0.03974808752536774
0.030962899327278137,0.037650588899850845,0.031077494844794273,-0.08571544289588928,-0.012611975893378258,0.03522692993283272
0.001007457380183041,0.05859538912773132,-0.03662123903632164,-0.07055338472127914,-0.03613226115703583,-0.002916223369538784
0.046396203339099884,-0.0022621748503297567,-0.00576745206490159,-0.013661627657711506,0.045528508722782135,-0.023670712485909462
-0.030002636834979057,-0.019232017919421196,0.019260050728917122,-0.020512204617261887,0.012804933823645115,-0.011029225774109364
-0.01889922469854355,0.0023802167270332575,-0.0034454758279025555,-0.03035593219101429,0.041311413049697876,-0.029542971402406693
-0.014565696939826012,-0.026961978524923325,0.02875462919473648,-0.003540926845744252,0.001792982453480363,-0.0004952359013259411
-0.014883629977703094,0.013017918914556503,0.04042397812008858,-0.01651405356824398,0.06641273945569992,-0.028949102386832237
-0.029631532728672028,-0.004455255810171366,0.014504936523735523,-0.0029230802319943905,-0.011086730286478996,-0.017621727660298347
0.0014362081419676542,0.034063976258039474,-0.030949978157877922,0.024350719526410103,0.01582510583102703,0.013222088105976582
-0.007993783801794052,0.0020899451337754726,0.02164541929960251,-0.01961786113679409,0.01581575535237789,-0.006662523839622736
-0.023418497294187546,0.009183988906443119,-0.02050068974494934,-0.004741130396723747,0.0008933861390687525,0.0025671201292425394
-0.016555247828364372,0.007291479501873255,0.022353271022439003,0.004788977559655905,-0.004282353911548853,-0.03627970814704895
-0.003853691043332219,-0.005679805763065815,0.01770523004233837,-0.0833664983510971,0.013120473362505436,-0.04397491365671158
0.03898187726736069,-0.017465995624661446,0.03411934897303581,-0.11309245228767395,-0.021026013419032097,-0.044185370206832886
0.07471393048763275,-0.020402388647198677,0.026425929740071297,-0.13096703588962555,0.024550316855311394,-0.05212472379207611
0.017295759171247482,0.033636320382356644,0.02401888743042946,-0.08315308392047882,-0.02477073296904564,-0.0561710000038147
0.04277892783284187,0.02014652080833912,0.0091929379850626,-0.10027754306793213,-0.030116088688373566,-0.042946334928274155
-0.011331175453960896,-0.03790682554244995,0.024465367197990417,-0.131707563996315,0.02695118449628353,-0.05702079460024834
-0.003195075551047921,-0.02786656841635704,0.018002929165959358,-0.08061576634645462,-0.011755588464438915,-0.053540024906396866
-0.005178047344088554,-0.004912420175969601,0.020994268357753754,-0.12151426821947098,-0.0296464953571558,-0.047830820083618164
0.01695740781724453,-0.036532893776893616,0.013797926716506481,-0.09655894339084625,0.006561476271599531,-0.04621139541268349
